<?xml version="1.0" encoding="UTF-8"?>
<!DOCTYPE suite SYSTEM "http://testng.org/testng-1.0.dtd">
<suite name="Suite">
  
  <parameter name="deviceName" value="Micromax A106"></parameter>
	 		    <parameter name="resolution" value="null"></parameter>
	 		    <parameter name="activityName" value="com.ace2three.activity.SplashActivity"></parameter>
	  		    <parameter name="app" value="null"></parameter>
	  		    <parameter name="appPackage" value="air.com.ace2three.mobile.cash"></parameter>
	   		    <parameter name="appType" value="andapp"></parameter>
	   		    <parameter name="environment" value="desktop"></parameter>
	     	    <parameter name="platform" value="android"></parameter>
	       	    <parameter name="platformVersion" value="5.0"></parameter>
	       	    <parameter name="appiumUrl" value="http://127.0.0.1:4723"></parameter>
	            <parameter name="browsername" value="chrome"></parameter>
	          	<parameter name="udid" value="null"></parameter>
	           	<parameter name="portaddress" value="null"></parameter>
	          	<parameter name="serveraddress" value="null"></parameter>
	                     
	  <test name="Ace2three">
	    <classes>
	      <class name="com.ace2three.web.test.suite.AdminTestSuite">
	     	<methods>
	     	 <!--  <include name="TS_Login_9"></include>
	     	   <include name="TS_Login_10"></include>   
	     	   <include name="TS_Login_11"></include> -->   
	      	<!-- <include name="TS_Login_2"></include>
	     		<include name="TS_Login_3"></include> -->
	     		<include name="createTourney"></include>
	     		<!-- <include name="TS_Profile_07"></include> -->
	     	
	     		  
	     	</methods>
	      </class>
	      
	    </classes>

  </test> <!-- Test -->
</suite> <!-- Suite -->
