<?xml version="1.0" encoding="UTF-8"?>
<!DOCTYPE suite SYSTEM "http://testng.org/testng-1.0.dtd">
<suite name="Suite">
               <parameter name="deviceName" value="YHWSHYYT695H9LJV"></parameter>
	 		    <parameter name="resolution" value="null"></parameter>
	 		    <parameter name="activityName" value="com.ace2three.activity.SplashActivity"></parameter>
	  		    <parameter name="app" value="null"></parameter>
	  		    <parameter name="appPackage" value="air.com.ace2three.mobile.cash"></parameter>
	   		    <parameter name="appType" value="andapp"></parameter>
	   		    <parameter name="environment" value="mobile"></parameter>
	     	    <parameter name="platform" value="android"></parameter>
	       	    <parameter name="platformVersion" value="5.0"></parameter>
	       	    <parameter name="appiumUrl" value="http://127.0.0.1:4723"></parameter>
	            <parameter name="browsername" value="chrome"></parameter>
	          	<parameter name="udid" value="YHWSHYYT695H9LJV"></parameter>
	           	<parameter name="portaddress" value="null"></parameter>
	          	<parameter name="testEnvironment" value="qa"></parameter>
	          	<parameter name="gps" value="on"></parameter> 
	          	 
	<!-- <test name="Ace2three signup" preserve-order="true">
	   <classes>
	      	 <class name="com.ace2three.test.suite.SignupTestSuite"/> 
	   </classes>
	  </test> Test
	   <test name="Ace2three login" preserve-order="true">
	   <classes>
	      	    <class name="com.ace2three.test.suite.LoginTestSuite"/>
	   </classes>
	  </test> Test
	   <test name="Ace2three GPS checks">
	   	<parameter name="gps" value="off"></parameter>
	  	 <classes>
	      	 <class name="com.ace2three.test.suite.MobileGPSChecksTestSuite"/>
	     </classes>
	   </test>
	  <test name="Ace2three game settings" preserve-order="true">
	   <classes>
	      	  <class name="com.ace2three.test.suite.GameSettingsTestSuite"/> 
	   </classes>
	  </test> Test
	  <test name="Ace2three giftVouchers" preserve-order="true">
	   <classes>
	      	   <class name="com.ace2three.test.suite.GiftVouchersTestSuite"/>
	   </classes>
	  </test> 
	    <test name="Ace2three Kyc suite" preserve-order="true">
	   <classes>
	      	  <class name="com.ace2three.test.suite.KycTestSuite"/>
	   </classes>
	  </test> Test
	   <test name="Ace2three My account" preserve-order="true">
	   <classes>
	      	  <class name="com.ace2three.test.suite.MyAccountTestSuite"/>
	   </classes>
	 </test> 
	    <test name="Ace2three ProfileShort" preserve-order="true">
	   <classes>
	      	  <class name="com.ace2three.test.suite.MyProfileShortDetailsTestSuite"/>
	   </classes>
	  </test> 
	  
	  
	  
	  <test name="Ace2three My account details" preserve-order="true">
	   <classes>
	      	  <class name="com.ace2three.test.suite.MyAccountDetailstestSuite"/> 
	   </classes>
	  </test> 
		<test name="Ace2three Forgot Password" preserve-order="true">
	   <classes>
	      	  <class name="com.ace2three.test.suite.ForgotPasswordTestSuite"/> 
	   </classes>
	  </test>  -->
	 <!--  <test name="Ace2three Change Password" preserve-order="true">
	   <classes>
	      	  <class name="com.ace2three.test.suite.ChangePasswordTestSuite"/>
	   </classes>
	  </test>  -->
	   <test name="Ace2three purchase limits" preserve-order="true">
	   <classes>
	      	  <class name="com.ace2three.test.suite.PurchaseLimitsTestSuite"/>
	   </classes>
	  </test> 
	  <!--  <test name="Ace2three Redeem From Mobile" preserve-order="true">
	   <classes>
	      	  <class name="com.ace2three.test.suite.RedeemFromMobileTestSuite"/> 
	   </classes>
	  </test>  -->
	  <!--  <test name="Ace2three Tourney" preserve-order="true">
	   <classes>
	      	  <class name="com.ace2three.test.suite.TourneyTestSuite"/> 
	   </classes>
	  </test> -->
</suite> <!-- Suite -->
