<?xml version="1.0" encoding="UTF-8"?>
<!DOCTYPE suite SYSTEM "http://testng.org/testng-1.0.dtd">
<suite name="Suite" parallel="tests" thread-count="3">

 <test name="Ace2three test1" >
           <parameter name="deviceName" value="YHWSHYYT695H9LJV"></parameter>
   <parameter name="resolution" value="null"></parameter>
   <parameter name="activityName" value="com.ace2three.activity.SplashActivity"></parameter>
 	   <parameter name="app" value="null"></parameter>
 	   <parameter name="appPackage" value="air.com.ace2three.mobile.cash"></parameter>
   	  <parameter name="appType" value="andapp"></parameter>
    	 <parameter name="environment" value="mobile"></parameter>
       <parameter name="platform" value="android"></parameter>
         <parameter name="platformVersion" value="5.0"></parameter>
         <parameter name="appiumUrl" value="http://10.0.13.20:4725"></parameter>
           <parameter name="browsername" value="chrome"></parameter>
         	<parameter name="udid" value="YHWSHYYT695H9LJV"></parameter>
          <parameter name="portaddress" value="null"></parameter>
         	<parameter name="testEnvironment" value="qa"></parameter>
         	<parameter name="gps" value="on"></parameter>
  <classes>
     	<class name="com.ace2three.test.suite.LoginTestSuite">
     	 <methods>
     	 	<include name="TS_Login_5"></include>
     	</methods> 
     	</class>
  </classes>
 </test> 
 
 <test name="Ace2three test22">
   <parameter name="deviceName" value="4d00cbf74f9a411b"></parameter>
   <parameter name="resolution" value="null"></parameter>
   <parameter name="activityName" value="com.ace2three.activity.SplashActivity"></parameter>
 	   <parameter name="app" value="null"></parameter>
 	   <parameter name="appPackage" value="air.com.ace2three.mobile.cash"></parameter>
     <parameter name="appType" value="andapp"></parameter>
     <parameter name="environment" value="mobile"></parameter>
       <parameter name="platform" value="android"></parameter>
         <parameter name="platformVersion" value="5.0"></parameter>
         <parameter name="appiumUrl" value="http://127.0.0.1:4731"></parameter>
           <parameter name="browsername" value="chrome"></parameter>
 			<parameter name="browsername" value="chrome"></parameter>
         	<parameter name="udid" value="4d00cbf74f9a411b"></parameter>
          <parameter name="portaddress" value="null"></parameter>
         	<parameter name="testEnvironment" value="qa"></parameter>
         	<parameter name="gps" value="on"></parameter>
 <classes>
     	<class name="com.ace2three.test.suite.LoginTestSuite">
     	 <methods>
     	 	<include name="TS_Login_5"></include>
     	</methods> 
     	</class>
  </classes>
 </test>  
 
</suite> <!-- Suite -->